,MAE,MSE,RMSE,R2
0,0.00015795914965625714,4.426825981139253e-08,0.00021040023719424018,0.9999963187755383
