,MAE,MSE,RMSE,R2
0,0.1364362736839645,0.027199419791371655,0.16492246599954674,0.5969623731568289
