,MAE,MSE,RMSE,R2
0,0.15876028840492357,0.03275666444309605,0.1809880229271983,0.5952847886149006
