,MAE,MSE,RMSE,R2
0,0.12386704576017354,0.05090229268012756,0.22561536445935493,0.022050142280159335
